environment,afl_round,afl_team_name,afl_team_code,player_name,k,hb,d,m,g,b,t,ho,ga,i50,cl,cg,r50,ff,fa,af,sc
production,7,Adelaide,ADE,Rory Laird,16,13,29,7,0,0,2,0,1,1,0,4,3,0,1,100,88
production,7,Adelaide,ADE,Jordan Dawson,20,8,28,8,2,0,1,0,1,4,0,2,9,0,0,116,138
production,7,Adelaide,ADE,Wayne Milera,16,6,22,5,0,0,0,0,0,2,2,3,5,0,2,69,70
production,7,Adelaide,ADE,Max Michalanney,11,10,21,9,0,0,4,0,1,1,0,3,2,0,2,90,90
production,7,Adelaide,ADE,Brayden Cook,11,9,20,4,1,1,0,0,1,0,2,1,4,2,0,72,72
production,7,Adelaide,ADE,Izak Rankine,11,8,19,5,2,1,4,0,0,4,5,4,1,2,2,89,96
production,7,Adelaide,ADE,Isaac Cumming,11,7,18,6,0,0,6,0,0,2,0,1,4,2,0,91,110
production,7,Adelaide,ADE,Sam Berry,6,12,18,2,0,0,7,0,0,3,4,7,0,0,3,67,74
production,7,Adelaide,ADE,Josh Worrell,8,9,17,4,0,0,2,0,0,0,0,1,3,0,0,62,73
production,7,Adelaide,ADE,Hugh Bond,12,5,17,7,0,0,3,0,0,0,0,1,5,0,1,76,88
production,7,Adelaide,ADE,Ben Keays,5,11,16,2,1,1,0,0,0,0,2,5,0,0,1,47,44
production,7,Adelaide,ADE,James Peatling,9,7,16,1,0,2,9,0,1,3,6,0,0,2,0,84,99
production,7,Adelaide,ADE,Josh Rachele,7,8,15,4,0,1,1,0,0,3,1,1,2,0,0,54,55
production,7,Adelaide,ADE,Zac Taylor,9,6,15,7,0,0,1,0,0,3,0,1,0,1,0,65,50
production,7,Adelaide,ADE,Luke Pedlar,10,3,13,5,3,0,3,0,1,3,0,2,0,1,0,82,75
production,7,Adelaide,ADE,Nick Murray,8,5,13,5,0,0,1,0,0,4,0,3,0,0,2,47,48
production,7,Adelaide,ADE,Charlie Edwards,8,4,12,2,0,0,2,0,0,2,0,3,0,0,0,46,39
production,7,Adelaide,ADE,Lachlan McAndrew,6,5,11,0,0,0,6,30,0,4,6,4,1,5,1,84,65
production,7,Adelaide,ADE,Toby Murray,9,2,11,5,0,0,0,6,0,0,0,2,1,2,0,54,40
production,7,Adelaide,ADE,Riley Thilthorpe,7,1,8,4,1,1,1,0,1,2,0,2,0,0,0,46,39
production,7,Adelaide,ADE,Jordon Butts,4,3,7,3,0,0,0,0,0,0,0,1,4,0,1,24,31
production,7,Adelaide,ADE,Finnbar Maley,3,2,5,1,0,1,1,2,0,2,2,1,0,1,1,21,23
production,7,Adelaide,ADE,Taylor Walker,1,1,2,1,1,0,0,0,1,0,0,1,0,0,1,11,24
production,7,Brisbane,BRL,Lachie Neale,26,16,42,13,0,1,2,0,2,5,4,3,3,1,0,159,132
production,7,Brisbane,BRL,Will Ashcroft,23,13,36,8,1,1,2,0,2,8,3,6,1,0,1,131,106
production,7,Brisbane,BRL,Zac Bailey,17,12,29,9,3,1,2,0,1,3,7,4,3,1,1,127,123
production,7,Brisbane,BRL,Lincoln McCarthy,20,3,23,12,0,0,5,0,0,4,1,4,4,2,2,118,87
production,7,Brisbane,BRL,Josh Dunkley,7,15,22,6,0,0,9,0,1,2,2,4,2,1,1,103,104
production,7,Brisbane,BRL,Levi Ashcroft,11,11,22,5,0,2,1,0,1,2,0,1,0,0,1,73,71
production,7,Brisbane,BRL,Darcy Wilmot,15,6,21,2,0,0,1,0,0,3,1,0,2,1,0,68,84
production,7,Brisbane,BRL,Jaspa Fletcher,13,8,21,8,0,0,2,0,0,3,2,1,2,1,1,85,60
production,7,Brisbane,BRL,Ryan Lester,12,5,17,12,0,0,1,0,1,3,0,2,2,0,0,86,80
production,7,Brisbane,BRL,Harris Andrews,9,7,16,6,0,0,1,0,1,1,0,0,0,0,0,63,74
production,7,Brisbane,BRL,James Tunstill,11,5,16,7,0,0,0,0,1,3,2,1,0,0,0,64,55
production,7,Brisbane,BRL,Charlie Cameron,12,3,15,4,4,1,5,0,1,3,3,2,1,2,0,101,118
production,7,Brisbane,BRL,Hugh McCluggage,7,7,14,4,2,1,5,0,0,0,4,2,1,0,0,80,85
production,7,Brisbane,BRL,Darcy Fort,9,5,14,5,1,0,1,9,0,2,4,4,2,1,3,63,76
production,7,Brisbane,BRL,Keidean Coleman,11,3,14,4,0,0,0,0,0,4,0,1,0,1,0,52,56
production,7,Brisbane,BRL,Ty Gallop,12,0,12,9,0,0,0,0,0,2,0,1,4,1,1,61,55
production,7,Brisbane,BRL,Conor McKenna,8,3,11,1,2,1,0,0,1,4,1,0,2,1,0,47,80
production,7,Brisbane,BRL,Sam Draper,10,1,11,4,1,1,0,21,0,4,5,4,0,1,2,67,72
production,7,Brisbane,BRL,Cameron Rayner,7,4,11,3,1,0,3,0,1,4,2,0,1,2,0,58,74
production,7,Brisbane,BRL,Logan Morris,8,2,10,2,2,1,0,0,1,1,0,0,0,2,0,49,80
production,7,Brisbane,BRL,Oscar Allen,5,3,8,3,1,0,2,0,1,0,0,4,0,0,2,38,42
production,7,Brisbane,BRL,Bruce Reville,5,2,7,1,0,0,1,0,0,2,3,3,0,0,2,20,23
production,7,Brisbane,BRL,Kai Lohmann,3,2,5,3,1,1,2,0,1,1,1,3,0,0,1,34,33
production,7,Carlton,CAR,Sam Walsh,19,13,32,5,1,1,7,0,1,8,4,3,2,2,0,135,121
production,7,Carlton,CAR,Patrick Cripps,8,23,31,1,1,1,7,0,0,5,11,8,0,2,3,101,114
production,7,Carlton,CAR,Nic Newman,15,7,22,7,0,0,2,0,0,1,1,1,5,0,0,88,79
production,7,Carlton,CAR,Will Hayward,11,10,21,9,0,2,3,0,0,4,0,3,0,2,0,96,64
production,7,Carlton,CAR,Adam Cerra,10,11,21,3,0,0,4,0,1,2,1,6,1,2,2,73,70
production,7,Carlton,CAR,Matt Carroll,12,9,21,5,1,0,0,0,0,7,1,3,1,0,1,72,67
production,7,Carlton,CAR,Oliver Florent,11,9,20,5,0,0,1,0,0,4,1,4,3,0,0,70,57
production,7,Carlton,CAR,Nick Haynes,14,5,19,7,0,0,0,0,1,1,0,3,7,0,2,67,85
production,7,Carlton,CAR,Jagga Smith,8,11,19,8,0,0,5,0,0,4,0,1,0,2,1,89,69
production,7,Carlton,CAR,Cooper Lord,8,10,18,0,0,1,6,0,1,2,2,2,1,1,1,67,70
production,7,Carlton,CAR,Zachary Williams,12,5,17,2,0,1,5,0,0,2,2,1,4,1,0,74,91
production,7,Carlton,CAR,Liam Reidy,4,11,15,2,0,0,4,22,0,2,3,1,2,0,1,75,108
production,7,Carlton,CAR,Jacob Weitering,9,5,14,5,0,0,1,0,0,0,0,0,1,1,0,57,87
production,7,Carlton,CAR,Ben Ainsworth,6,8,14,2,0,0,2,0,2,3,1,5,1,1,0,49,38
production,7,Carlton,CAR,Lewis Young,4,6,10,4,0,0,0,1,0,1,0,0,0,0,0,37,59
production,7,Carlton,CAR,Matt Cottrell,5,5,10,1,0,0,2,0,0,1,1,1,2,1,0,37,51
production,7,Carlton,CAR,Lachlan Cowan,5,5,10,2,0,0,3,0,0,1,0,1,2,1,0,44,59
production,7,Carlton,CAR,Mitch McGovern,7,1,8,2,3,0,1,0,0,2,1,0,0,1,0,52,61
production,7,Carlton,CAR,Brodie Kemp,8,0,8,7,4,1,1,0,0,2,0,2,0,1,1,72,61
production,7,Carlton,CAR,Francis Evans,4,4,8,2,1,1,5,0,0,0,0,3,0,0,1,50,54
production,7,Carlton,CAR,Ashton Moir,3,4,7,2,2,0,0,0,0,0,0,2,0,0,1,32,35
production,7,Carlton,CAR,Harry Dean,5,1,6,4,0,0,0,0,0,1,0,2,0,1,1,27,23
production,7,Carlton,CAR,Talor Byrne,2,3,5,0,0,0,1,0,0,0,0,2,0,1,2,11,18
production,7,Collingwood,COL,Scott Pendlebury,18,25,43,10,2,0,1,0,2,6,4,5,1,3,0,153,148
production,7,Collingwood,COL,Nick Daicos,22,20,42,8,0,4,1,0,1,8,8,6,1,0,1,135,105
production,7,Collingwood,COL,Josh Daicos,22,13,35,8,0,0,1,0,0,2,3,2,5,1,0,121,102
production,7,Collingwood,COL,Jack Crisp,16,12,28,12,1,1,3,0,1,6,0,3,0,0,0,127,105
production,7,Collingwood,COL,Dan Houston,14,13,27,8,0,1,2,0,1,4,1,0,3,2,0,103,116
production,7,Collingwood,COL,Isaac Quaynor,13,10,23,9,0,0,3,0,0,1,0,3,5,1,0,99,90
production,7,Collingwood,COL,Patrick Lipinski,10,12,22,5,1,1,3,0,1,2,3,4,0,1,2,83,73
production,7,Collingwood,COL,Harry Perryman,10,10,20,4,0,0,2,0,0,1,0,2,1,0,1,67,57
production,7,Collingwood,COL,Steele Sidebottom,11,8,19,8,1,0,1,0,1,2,0,1,1,0,0,83,75
production,7,Collingwood,COL,Jeremy Howe,15,3,18,12,0,0,1,0,0,1,0,3,2,0,2,85,96
production,7,Collingwood,COL,Jordan De Goey,9,9,18,4,3,1,3,0,2,4,1,0,0,1,0,89,110
production,7,Collingwood,COL,Brayden Maynard,13,5,18,5,0,0,1,0,1,4,0,3,2,0,1,65,52
production,7,Collingwood,COL,Roan Steele,9,9,18,4,2,0,1,0,0,5,1,1,0,1,0,74,75
production,7,Collingwood,COL,Billy Frampton,10,7,17,8,0,0,1,0,0,1,0,0,2,1,0,73,75
production,7,Collingwood,COL,Darcy Cameron,8,7,15,3,0,0,1,17,1,1,2,4,0,3,2,65,74
production,7,Collingwood,COL,Beau McCreery,8,7,15,3,2,1,3,0,1,2,1,2,0,1,1,70,73
production,7,Collingwood,COL,Jamie Elliott,10,4,14,5,2,2,0,0,1,3,1,5,0,1,1,65,62
production,7,Collingwood,COL,Angus Anderson,6,8,14,2,2,2,4,0,0,1,1,2,1,0,1,67,73
production,7,Collingwood,COL,Lachlan Schultz,4,9,13,4,1,0,5,0,0,2,0,2,0,1,1,66,83
production,7,Collingwood,COL,Tim Membrey,3,8,11,4,0,0,0,0,0,1,0,2,0,0,1,34,42
production,7,Collingwood,COL,Daniel McStay,7,4,11,7,2,3,0,0,0,3,0,1,0,0,0,65,54
production,7,Collingwood,COL,Oscar Steene,2,8,10,1,0,0,0,12,0,1,3,4,0,2,0,39,52
production,7,Collingwood,COL,Will Hayes,4,3,7,0,1,0,1,0,0,1,0,1,1,1,0,29,33
production,7,Essendon,ESS,Archie Roberts,28,14,42,9,0,0,1,0,0,2,1,6,9,0,3,134,140
production,7,Essendon,ESS,Darcy Parish,8,15,23,2,0,0,2,0,0,2,4,2,3,1,0,69,72
production,7,Essendon,ESS,Saad E-Hawli,12,11,23,4,0,0,1,0,0,1,1,3,2,2,1,73,88
production,7,Essendon,ESS,Zachary Merrett,10,12,22,1,0,0,2,0,0,4,2,2,1,0,1,62,104
production,7,Essendon,ESS,Andrew McGrath,12,10,22,5,0,0,1,0,0,2,4,1,5,1,1,73,94
production,7,Essendon,ESS,Jaxon Prior,12,9,21,5,0,0,0,0,0,0,0,1,3,0,0,69,76
production,7,Essendon,ESS,Kyle Langford,9,11,20,5,2,0,4,0,1,2,0,3,1,0,1,89,89
production,7,Essendon,ESS,Jacob Farrow,10,9,19,7,0,0,1,0,0,0,1,2,3,0,1,70,68
production,7,Essendon,ESS,Elijah Tsatas,8,10,18,4,0,0,1,0,0,3,3,1,2,0,0,60,61
production,7,Essendon,ESS,Xavier Duursma,9,8,17,7,0,0,2,0,0,1,1,3,1,0,0,72,59
production,7,Essendon,ESS,Jye Caldwell,6,10,16,3,0,0,7,0,0,2,2,2,0,1,1,73,73
production,7,Essendon,ESS,Sam Durham,11,4,15,5,1,0,2,0,0,5,1,6,0,1,2,65,51
production,7,Essendon,ESS,Zach Reid,8,6,14,5,0,0,3,0,0,0,0,2,1,1,1,61,77
production,7,Essendon,ESS,Ben McKay,6,7,13,6,0,0,1,0,0,0,0,4,5,0,0,54,51
production,7,Essendon,ESS,Nate Caddy,9,3,12,3,3,3,1,0,1,2,0,0,0,3,0,70,76
production,7,Essendon,ESS,Isaac Kako,4,6,10,2,1,0,0,0,0,3,1,3,1,0,2,30,40
production,7,Essendon,ESS,Tom Edwards,6,4,10,3,0,0,1,0,1,1,1,0,0,1,0,40,41
production,7,Essendon,ESS,Dyson Sharp,5,5,10,4,0,0,1,0,0,0,0,1,0,1,0,42,31
production,7,Essendon,ESS,Peter Wright,6,3,9,4,0,2,1,8,0,0,0,4,1,0,3,41,25
production,7,Essendon,ESS,Archer D-Wicks,5,4,9,3,2,0,6,0,0,1,0,0,2,1,0,69,78
production,7,Essendon,ESS,Sullivan Robey,3,6,9,1,0,0,1,0,1,2,0,4,0,0,2,22,25
production,7,Essendon,ESS,Lachlan Blakiston,2,6,8,0,0,0,2,11,0,1,5,3,1,1,1,35,35
production,7,Essendon,ESS,Archie May,3,0,3,1,0,1,1,0,0,0,1,0,0,0,0,17,19
production,7,Fremantle,FRE,Shai Bolton,16,17,33,4,2,2,8,0,3,9,4,4,2,1,1,138,142
production,7,Fremantle,FRE,Corey Wagner,17,10,27,4,0,0,5,0,0,5,1,4,2,1,0,104,87
production,7,Fremantle,FRE,Andrew Brayshaw,11,15,26,2,0,0,10,0,0,2,5,3,1,1,1,107,106
production,7,Fremantle,FRE,Jordan Clark,16,9,25,6,0,0,0,0,2,3,0,3,4,1,0,85,78
production,7,Fremantle,FRE,Luke Ryan,20,4,24,8,0,0,1,0,0,2,0,3,8,1,2,91,94
production,7,Fremantle,FRE,Karl Worner,9,14,23,4,0,0,2,0,0,1,0,2,3,1,0,76,68
production,7,Fremantle,FRE,Murphy Reid,11,12,23,5,0,0,1,0,1,3,3,1,0,0,0,76,71
production,7,Fremantle,FRE,Caleb Serong,12,10,22,0,0,0,3,0,1,5,5,5,2,1,1,66,76
production,7,Fremantle,FRE,Judd McVee,11,11,22,7,0,0,2,0,0,0,0,2,5,0,1,81,81
production,7,Fremantle,FRE,Hayden Young,8,13,21,4,0,0,1,0,1,2,5,1,1,1,0,67,87
production,7,Fremantle,FRE,Luke Jackson,8,13,21,5,2,1,6,31,0,2,3,3,0,2,0,135,147
production,7,Fremantle,FRE,Neil Erasmus,8,7,15,6,0,0,0,0,1,3,5,4,2,1,2,51,56
production,7,Fremantle,FRE,Brennan Cox,11,3,14,7,0,0,1,0,0,0,0,1,2,1,1,62,73
production,7,Fremantle,FRE,Jeremy Sharp,8,6,14,8,2,0,1,0,0,1,0,0,0,0,0,76,69
production,7,Fremantle,FRE,Heath Chapman,10,4,14,3,0,0,2,0,0,2,0,2,2,0,2,49,51
production,7,Fremantle,FRE,Matt Johnson,4,10,14,1,0,0,3,0,1,2,2,3,2,1,2,42,49
production,7,Fremantle,FRE,Sam Switkowski,2,10,12,3,0,0,2,0,1,3,0,0,0,0,0,43,62
production,7,Fremantle,FRE,Jye Amiss,9,3,12,7,3,0,1,0,1,1,0,1,0,2,0,78,84
production,7,Fremantle,FRE,Michael Frederick,8,3,11,5,2,1,2,0,1,2,0,3,0,0,1,63,55
production,7,Fremantle,FRE,Alex Pearce,5,4,9,4,0,0,3,0,0,1,0,3,4,1,1,45,57
production,7,Fremantle,FRE,Mason Cox,4,4,8,4,2,0,3,8,0,0,0,5,0,0,2,58,52
production,7,Fremantle,FRE,Josh Treacy,6,2,8,5,3,0,2,0,1,1,0,2,0,1,2,58,74
production,7,Fremantle,FRE,Isaiah Dudley,4,2,6,1,0,1,2,0,1,1,1,1,0,0,1,25,42
production,7,Fremantle,FRE,Bailey Smith,16,14,30,7,0,0,3,0,1,4,5,4,3,1,1,107,106
production,7,Fremantle,FRE,Thomas Stewart,22,5,27,6,0,0,0,0,0,0,0,4,9,0,0,94,115
production,7,Fremantle,FRE,Max Holmes,14,11,25,5,0,0,0,0,0,2,3,3,4,0,0,79,80
production,7,Geelong,GEE,Tanner Bruhn,17,7,24,8,0,1,4,0,1,3,2,3,4,0,0,106,92
production,7,Geelong,GEE,Jack Bowes,7,15,22,4,0,0,2,0,0,3,1,7,1,0,2,65,55
production,7,Geelong,GEE,Connor O'Sullivan,10,11,21,8,0,0,2,0,0,0,0,2,4,2,1,83,100
production,7,Geelong,GEE,Lawson Humphries,14,5,19,7,0,0,1,0,0,1,1,2,6,0,0,77,92
production,7,Geelong,GEE,Mark O'Connor,8,7,15,3,0,0,4,0,0,1,1,2,2,0,0,63,75
production,7,Geelong,GEE,Tom Atkins,7,8,15,1,0,0,9,0,1,3,1,3,0,3,2,73,75
production,7,Geelong,GEE,Oisin Mullin,6,8,14,5,0,0,6,0,0,2,7,2,1,3,1,73,75
production,7,Geelong,GEE,Ollie Dempsey,7,7,14,6,0,0,1,0,1,1,0,1,2,2,0,59,58
production,7,Geelong,GEE,Zach Guthrie,10,3,13,3,0,0,3,0,0,1,1,2,2,1,1,55,69
production,7,Geelong,GEE,Shaun Mannagh,9,4,13,0,1,0,1,0,0,3,0,4,1,2,0,47,31
production,7,Geelong,GEE,James Worpel,6,6,12,3,1,0,2,0,0,3,0,3,0,0,2,47,36
production,7,Geelong,GEE,Oliver Henry,9,3,12,2,0,0,2,0,1,3,0,4,0,1,1,45,37
production,7,Geelong,GEE,Shannon Neale,6,6,12,2,2,0,2,6,0,2,2,4,0,1,1,60,71
production,7,Geelong,GEE,Jack Henry,8,3,11,7,0,0,2,0,0,0,0,0,2,0,0,59,73
production,7,Geelong,GEE,Jeremy Cameron,7,2,9,5,3,2,0,0,1,1,0,1,0,0,0,60,72
production,7,Geelong,GEE,Jack Martin,6,2,8,5,1,0,4,0,0,0,1,3,1,1,1,57,48
production,7,Geelong,GEE,Bradley Close,3,3,6,1,1,0,2,0,1,2,1,2,0,1,2,27,34
production,7,Geelong,GEE,Mitchell Edwards,1,4,5,0,0,0,0,14,0,0,1,5,1,1,2,20,12
production,7,Geelong,GEE,Patrick Dangerfield,1,3,4,1,1,0,1,0,1,0,0,1,0,1,0,23,31
production,7,Geelong,GEE,Mark Blicavs,1,0,1,0,0,0,2,3,0,0,1,0,1,0,0,14,13
production,7,Gold Coast,GCS,Noah Anderson,16,15,31,4,0,1,3,0,2,5,5,4,5,0,1,100,95
production,7,Gold Coast,GCS,Christian Petracca,14,14,28,5,0,0,5,0,0,7,10,2,2,1,0,106,111
production,7,Gold Coast,GCS,John Noble,14,9,23,6,0,1,3,0,0,4,1,0,5,1,0,92,99
production,7,Gold Coast,GCS,Touk Miller,10,11,21,1,0,0,6,0,0,8,2,0,1,0,0,79,80
production,7,Gold Coast,GCS,Daniel Rioli,9,12,21,2,0,1,4,0,0,2,0,1,1,2,0,76,75
production,7,Gold Coast,GCS,Bodhi Uwland,15,6,21,5,0,1,2,0,0,1,0,1,6,0,0,81,76
production,7,Gold Coast,GCS,Mac Andrew,15,5,20,7,0,0,4,3,0,1,0,0,7,1,0,96,138
production,7,Gold Coast,GCS,Will Graham,7,13,20,2,0,1,2,0,0,4,2,5,1,2,3,55,47
production,7,Gold Coast,GCS,Matt Rowell,9,9,18,1,0,0,10,0,0,2,5,9,2,3,2,85,49
production,7,Gold Coast,GCS,Lachlan Weller,8,9,17,4,2,0,4,0,0,3,2,3,0,0,1,79,67
production,7,Gold Coast,GCS,Samuel Collins,5,10,15,3,0,0,1,0,0,1,0,1,2,3,0,51,85
production,7,Gold Coast,GCS,Wil Powell,10,5,15,4,0,0,4,0,1,3,0,1,5,0,0,68,94
production,7,Gold Coast,GCS,Leo Lombard,6,7,13,3,0,2,4,0,0,2,0,2,0,0,1,56,49
production,7,Gold Coast,GCS,Ben Long,4,7,11,1,2,0,1,0,1,1,1,0,0,0,0,45,63
production,7,Gold Coast,GCS,Bailey Humphrey,5,6,11,2,2,0,4,0,1,4,0,1,0,1,1,59,66
production,7,Gold Coast,GCS,Ethan Read,5,6,11,1,0,0,0,2,0,1,2,5,0,4,0,36,38
production,7,Gold Coast,GCS,Jarrod Witts,8,2,10,0,0,0,2,26,1,3,6,5,0,1,1,60,36
production,7,Gold Coast,GCS,Jed Walter,5,4,9,3,0,0,0,1,1,3,0,4,0,0,2,27,34
production,7,Gold Coast,GCS,Jamarra U-Hagan,6,1,7,5,1,0,1,0,1,3,0,4,0,1,0,46,21
production,7,Gold Coast,GCS,Jake Rogers,3,4,7,1,0,0,0,0,0,1,0,2,0,0,1,17,12
production,7,Gold Coast,GCS,Zeke Uwland,4,3,7,2,0,0,2,0,0,1,0,0,1,0,0,32,22
production,7,Gold Coast,GCS,Ben King,5,0,5,3,2,1,0,0,0,0,1,0,0,1,0,38,50
production,7,Gold Coast,GCS,Oscar Adams,1,3,4,2,0,0,2,0,0,0,0,1,0,1,0,24,25
production,7,GWS,GWS,Lachie Whitfield,18,14,32,6,0,0,3,0,0,5,0,2,3,0,2,106,120
production,7,GWS,GWS,Lachlan Ash,20,10,30,7,0,1,2,0,2,4,0,5,9,2,2,106,91
production,7,GWS,GWS,Toby Greene,18,9,27,3,2,0,4,0,1,5,8,3,3,1,1,107,122
production,7,GWS,GWS,Clayton Oliver,8,18,26,4,0,0,8,0,1,2,5,2,1,1,1,102,102
production,7,GWS,GWS,Connor Idun,10,14,24,4,0,0,1,0,0,0,1,4,9,0,1,71,74
production,7,GWS,GWS,Ryan Angwin,11,11,22,1,0,1,5,0,1,6,2,4,2,1,2,74,88
production,7,GWS,GWS,Brent Daniels,12,9,21,6,1,1,4,0,2,8,5,3,0,2,2,91,109
production,7,GWS,GWS,Finn Callaghan,9,12,21,4,0,1,1,0,0,2,4,3,1,0,1,65,66
production,7,GWS,GWS,Xavier O'Halloran,8,10,18,2,1,0,2,0,1,5,4,1,0,0,0,64,85
production,7,GWS,GWS,Harvey Thomas,7,9,16,2,1,2,7,0,0,2,0,3,0,1,2,76,89
production,7,GWS,GWS,Jesse Hogan,8,7,15,6,2,0,0,0,0,1,1,2,0,1,0,69,64
production,7,GWS,GWS,Harrison Himmelberg,6,9,15,4,0,0,3,0,0,1,0,3,1,0,1,57,52
production,7,GWS,GWS,Stephen Coniglio,5,8,13,6,0,0,0,0,2,2,0,1,1,0,0,49,58
production,7,GWS,GWS,Jake Stringer,9,4,13,3,3,1,1,0,0,3,1,3,1,2,1,66,73
production,7,GWS,GWS,James Leake,6,7,13,2,0,0,3,0,0,0,0,1,1,0,0,50,59
production,7,GWS,GWS,Jayden Laverde,8,2,10,4,0,0,0,0,0,1,0,2,5,0,2,34,38
production,7,GWS,GWS,Aaron Cadman,8,2,10,5,3,2,0,0,1,2,0,1,0,0,0,63,69
production,7,GWS,GWS,Nick Madden,2,8,10,2,0,0,3,26,0,1,1,5,1,2,1,65,70
production,7,GWS,GWS,Phoenix Gothard,6,4,10,1,1,1,0,0,0,1,1,0,0,0,0,36,50
production,7,GWS,GWS,Oliver Hannaford,5,4,9,1,0,0,2,0,0,1,0,4,0,0,1,31,21
production,7,GWS,GWS,Jack Buckley,6,2,8,2,0,0,1,0,0,2,0,1,1,0,1,29,49
production,7,GWS,GWS,Toby Bedford,2,4,6,2,0,1,2,0,0,0,0,0,0,0,0,29,24
production,7,GWS,GWS,Leek Aleer,4,2,6,1,1,2,7,12,0,2,0,1,0,2,1,66,61
production,7,Hawthorn,HAW,Karl Amon,20,11,31,8,0,1,3,0,0,2,0,2,8,0,0,119,108
production,7,Hawthorn,HAW,Jai Newcombe,11,19,30,3,0,1,6,0,2,3,12,3,3,4,2,103,136
production,7,Hawthorn,HAW,Josh Battle,16,13,29,7,0,0,0,0,0,2,0,6,7,1,1,93,98
production,7,Hawthorn,HAW,Jarman Impey,17,11,28,6,1,0,2,0,1,4,1,1,3,0,0,105,114
production,7,Hawthorn,HAW,Jack Scrimshaw,9,15,24,5,0,0,4,0,0,0,0,6,3,0,2,82,94
production,7,Hawthorn,HAW,Finn Maginness,6,18,24,5,2,0,4,0,0,1,1,3,0,0,1,94,95
production,7,Hawthorn,HAW,Massimo D'Ambrosio,16,8,24,5,1,1,5,0,0,5,0,2,1,0,0,106,96
production,7,Hawthorn,HAW,Blake Hardwick,16,6,22,4,0,0,1,0,0,1,1,1,5,0,0,76,82
production,7,Hawthorn,HAW,Connor MacDonald,13,9,22,7,1,2,6,0,2,3,2,1,1,0,0,110,92
production,7,Hawthorn,HAW,Cameron Mackenzie,11,11,22,1,0,0,4,0,0,2,3,6,0,2,3,67,61
production,7,Hawthorn,HAW,Conor Nash,7,14,21,2,1,0,5,0,0,1,4,4,1,2,0,83,87
production,7,Hawthorn,HAW,Harry Morrison,9,11,20,4,0,0,4,0,0,2,1,6,2,2,2,73,75
production,7,Hawthorn,HAW,Josh Ward,8,12,20,2,0,0,3,0,2,4,3,3,1,1,2,61,69
production,7,Hawthorn,HAW,Joshua Weddle,9,10,19,3,0,1,2,0,1,4,2,3,5,0,0,65,62
production,7,Hawthorn,HAW,Jack Ginnivan,12,4,16,7,1,0,7,0,3,4,0,1,2,0,0,99,94
production,7,Hawthorn,HAW,Jack Gunston,13,2,15,9,5,4,0,0,0,2,1,2,0,0,1,101,98
production,7,Hawthorn,HAW,Lloyd Meek,5,10,15,2,0,0,5,18,0,3,6,6,2,1,2,74,80
production,7,Hawthorn,HAW,Nick Watson,8,6,14,5,2,1,2,0,1,4,1,3,0,0,2,66,86
production,7,Hawthorn,HAW,Mitchell Lewis,9,1,10,5,1,1,3,0,0,2,0,1,0,0,1,60,53
production,7,Hawthorn,HAW,Jack Dalton,3,7,10,3,0,1,6,0,0,1,0,1,1,0,0,57,35
production,7,Hawthorn,HAW,Tom Barrass,3,5,8,4,1,0,1,0,0,1,0,1,3,0,0,41,79
production,7,Hawthorn,HAW,Calsher Dear,4,4,8,2,0,0,5,0,0,1,0,2,1,0,1,43,38
production,7,Hawthorn,HAW,Ned Reeves,2,3,5,0,0,0,4,24,0,2,2,4,0,0,2,46,35
production,7,Melbourne,MEL,Kysaiah Pickett,27,2,29,4,4,0,2,0,0,6,6,2,3,2,0,131,129
production,7,Melbourne,MEL,Tom Sparrow,16,12,28,3,1,0,8,0,1,7,9,5,2,3,1,119,128
production,7,Melbourne,MEL,Jack Steele,14,11,25,5,0,0,4,0,0,8,3,5,2,2,1,94,103
production,7,Melbourne,MEL,Caleb Windsor,15,10,25,1,2,0,2,0,0,6,2,2,1,0,0,88,102
production,7,Melbourne,MEL,Ed Langdon,13,11,24,7,0,0,2,0,0,1,1,1,2,1,0,91,87
production,7,Melbourne,MEL,Max Gawn,8,12,20,5,1,2,1,21,1,3,5,4,2,2,2,92,105
production,7,Melbourne,MEL,Blake Howes,11,9,20,6,0,0,1,0,0,2,0,2,3,0,1,70,80
production,7,Melbourne,MEL,Bailey Laurie,9,8,17,2,1,0,1,0,1,5,1,2,0,0,0,59,67
production,7,Melbourne,MEL,Jake Lever,10,5,15,9,0,0,4,0,0,0,0,2,4,0,0,83,61
production,7,Melbourne,MEL,Bayley Fritsch,11,4,15,2,2,1,6,0,1,1,1,0,0,2,0,86,94
production,7,Melbourne,MEL,Harvey Langford,7,8,15,3,1,0,1,0,0,2,1,3,0,0,1,53,52
production,7,Melbourne,MEL,Harry Sharp,10,4,14,5,1,1,1,0,2,4,0,1,1,0,0,64,84
production,7,Melbourne,MEL,Daniel Turner,8,6,14,4,0,0,0,0,1,2,0,4,4,0,1,45,64
production,7,Melbourne,MEL,Kade Chandler,6,7,13,1,1,0,2,0,2,3,2,4,2,2,1,48,75
production,7,Melbourne,MEL,Jacob Van Rooyen,8,5,13,3,0,2,1,0,1,1,0,1,0,2,0,51,61
production,7,Melbourne,MEL,Changkuoth Jiath,7,4,11,4,0,0,0,0,0,3,0,1,1,1,0,42,49
production,7,Melbourne,MEL,Koltyn Tholstrup,8,3,11,0,0,1,3,0,0,1,0,0,3,0,0,43,63
production,7,Melbourne,MEL,Matthew Jefferson,5,5,10,2,2,1,1,0,0,0,0,1,0,2,0,50,69
production,7,Melbourne,MEL,Xavier Taylor,3,7,10,1,0,0,0,0,0,1,1,1,4,0,1,23,52
production,7,Melbourne,MEL,Brody Mihocek,6,3,9,6,3,1,2,0,0,1,0,2,0,0,0,69,71
production,7,Melbourne,MEL,Max Heath,3,5,8,1,0,1,0,26,1,1,2,0,1,1,0,50,78
production,7,Melbourne,MEL,Jai Culley,4,4,8,2,0,0,0,0,2,2,1,1,0,1,1,24,41
production,7,Melbourne,MEL,Latrelle Pickett,3,5,8,2,0,0,2,0,0,1,3,4,0,1,3,25,16
production,7,North Melbourne,NTH,Harry Sheezel,17,15,32,5,1,0,4,0,0,3,3,5,1,1,2,113,98
production,7,North Melbourne,NTH,Caleb Daniel,17,13,30,6,0,0,2,0,0,7,2,3,3,1,0,104,96
production,7,North Melbourne,NTH,Luke Parker,18,11,29,3,1,0,2,0,1,2,1,2,5,1,0,100,102
production,7,North Melbourne,NTH,Tristan Xerri,9,16,25,5,0,0,12,24,0,5,10,4,0,4,2,144,153
production,7,North Melbourne,NTH,Dylan Stephens,12,13,25,4,0,0,0,0,0,5,0,1,1,1,0,75,84
production,7,North Melbourne,NTH,Finn O'Sullivan,10,14,24,5,1,1,0,0,0,2,7,3,5,1,1,78,72
production,7,North Melbourne,NTH,Luke D-Uniacke,9,11,20,4,0,0,3,0,0,4,5,4,1,1,2,68,67
production,7,North Melbourne,NTH,Aidan Corr,10,9,19,3,0,0,2,0,0,0,0,4,5,0,3,56,81
production,7,North Melbourne,NTH,Charlie Spargo,6,11,17,3,1,0,3,0,0,1,0,1,1,1,1,65,67
production,7,North Melbourne,NTH,Paul Curtis,12,5,17,6,2,0,5,0,3,2,1,2,0,3,1,96,113
production,7,North Melbourne,NTH,Colby McKercher,11,6,17,4,0,0,3,0,0,1,0,1,2,0,0,69,57
production,7,North Melbourne,NTH,Jy Simpkin,12,4,16,4,1,2,3,0,0,4,0,3,1,0,0,76,52
production,7,North Melbourne,NTH,Nick Larkey,11,5,16,6,4,1,1,0,1,4,0,1,0,3,0,93,109
production,7,North Melbourne,NTH,George Wardlaw,5,10,15,2,1,0,7,0,1,2,3,0,0,0,0,75,73
production,7,North Melbourne,NTH,Luke McDonald,7,7,14,4,0,0,3,0,0,1,0,0,5,0,0,59,61
production,7,North Melbourne,NTH,Cameron Zurhaar,10,2,12,5,0,0,1,0,1,3,0,1,3,1,1,51,58
production,7,North Melbourne,NTH,Tom Powell,7,5,12,2,0,1,3,0,0,1,2,3,2,1,1,48,41
production,7,North Melbourne,NTH,Jack Darling,9,2,11,5,1,0,3,0,1,2,2,3,1,1,0,65,48
production,7,North Melbourne,NTH,Griffin Logue,5,6,11,5,0,0,0,0,0,0,0,1,1,0,1,39,52
production,7,North Melbourne,NTH,Lachy Dovaston,7,3,10,3,1,1,2,0,0,1,0,0,0,1,0,52,49
production,7,North Melbourne,NTH,Toby Pink,8,1,9,6,0,0,1,0,0,1,0,0,2,0,0,48,48
production,7,North Melbourne,NTH,Zane Duursma,5,1,6,2,0,1,1,0,1,2,0,0,0,1,0,29,30
production,7,North Melbourne,NTH,Cooper Trembath,2,2,4,2,0,1,2,4,1,1,0,1,0,0,0,29,21
production,7,Port Adelaide,PTA,Jason H-Francis,18,16,34,6,1,1,4,0,0,4,12,7,2,2,3,120,112
production,7,Port Adelaide,PTA,Zak Butters,18,12,30,2,0,0,4,0,2,7,4,7,1,3,5,88,112
production,7,Port Adelaide,PTA,Oliver Wines,9,18,27,5,0,0,7,0,2,2,4,2,0,0,1,103,88
production,7,Port Adelaide,PTA,Jase Burgoyne,17,10,27,9,1,0,2,0,1,6,3,3,2,0,0,112,89
production,7,Port Adelaide,PTA,Christian Moraes,12,14,26,6,1,0,2,0,0,3,1,0,2,0,0,96,98
production,7,Port Adelaide,PTA,Kane Farrell,18,6,24,9,1,0,1,0,0,6,0,1,2,1,1,101,98
production,7,Port Adelaide,PTA,Willem Drew,9,12,21,5,0,0,7,0,0,2,8,2,0,1,2,89,92
production,7,Port Adelaide,PTA,Joe Richards,11,9,20,9,1,1,5,0,1,1,2,1,0,1,0,106,101
production,7,Port Adelaide,PTA,Mitch Georgiades,14,5,19,10,4,6,1,0,1,1,1,5,0,0,0,116,99
production,7,Port Adelaide,PTA,Darcy B-Jones,13,4,17,8,0,0,2,0,0,1,0,2,1,0,1,76,69
production,7,Port Adelaide,PTA,Aliir Aliir,13,3,16,11,0,0,1,0,0,1,0,2,2,0,1,79,92
production,7,Port Adelaide,PTA,Logan Evans,12,3,15,6,0,0,1,0,1,3,0,1,4,0,1,61,72
production,7,Port Adelaide,PTA,Josh Lai,9,6,15,6,0,0,1,0,0,1,0,1,2,1,0,62,61
production,7,Port Adelaide,PTA,Ewan Mackinlay,8,7,15,4,0,0,2,0,0,3,1,1,1,0,0,58,59
production,7,Port Adelaide,PTA,Miles Bergman,12,2,14,5,1,0,0,0,0,1,0,0,3,0,0,61,73
production,7,Port Adelaide,PTA,Corey Durdin,10,3,13,6,2,1,4,0,1,3,1,4,0,1,1,81,97
production,7,Port Adelaide,PTA,Jordon Sweet,9,3,12,5,1,2,4,31,1,5,5,2,0,1,1,101,141
production,7,Port Adelaide,PTA,Jacob Wehr,8,4,12,2,0,0,4,0,0,2,0,4,0,0,2,48,34
production,7,Port Adelaide,PTA,Joe Berry,9,3,12,2,0,0,7,0,1,3,1,1,1,3,0,70,68
production,7,Port Adelaide,PTA,Lachlan Jones,5,6,11,4,0,0,1,0,0,0,0,0,1,0,0,43,65
production,7,Port Adelaide,PTA,Dante Visentini,5,5,10,4,0,0,3,22,1,2,2,2,0,3,0,74,78
production,7,Port Adelaide,PTA,Jack Whitlock,6,2,8,2,0,0,0,0,0,1,1,1,0,0,1,25,23
production,7,Port Adelaide,PTA,Jack Watkins,2,4,6,1,0,0,3,0,0,0,0,0,1,0,0,29,29
production,7,Richmond,RIC,Dion Prestia,13,15,28,3,0,0,6,0,0,4,5,2,1,0,1,99,104
production,7,Richmond,RIC,Jack Ross,4,23,27,3,0,0,2,0,0,4,4,7,0,0,2,69,84
production,7,Richmond,RIC,Patrick Retschko,15,11,26,4,0,0,3,0,0,4,1,2,3,0,0,91,82
production,7,Richmond,RIC,Tom Brown,18,6,24,7,0,0,3,0,1,2,0,2,7,1,2,94,117
production,7,Richmond,RIC,Jacob Hopper,8,14,22,3,0,0,2,0,2,4,4,4,2,0,2,63,81
production,7,Richmond,RIC,Kane McAuliffe,11,10,21,4,1,0,2,0,0,1,1,2,2,4,0,83,108
production,7,Richmond,RIC,Samuel Grlj,9,12,21,2,0,0,1,0,0,1,0,2,2,0,0,61,74
production,7,Richmond,RIC,Hugo Ralphsmith,8,9,17,2,1,0,0,0,0,1,0,4,2,0,3,45,47
production,7,Richmond,RIC,Sam Lalor,10,6,16,3,1,0,3,0,1,4,7,4,2,0,1,66,81
production,7,Richmond,RIC,Nick Vlastuin,10,5,15,1,0,0,1,0,0,0,0,1,5,1,1,45,65
production,7,Richmond,RIC,James Trezise,6,9,15,2,0,0,5,0,0,2,1,3,1,1,1,60,71
production,7,Richmond,RIC,Ben Miller,12,1,13,6,0,0,1,0,0,1,0,3,5,0,2,54,53
production,7,Richmond,RIC,Seth Campbell,11,2,13,4,2,1,3,0,0,3,0,1,0,1,0,75,105
production,7,Richmond,RIC,Sam Cumming,7,6,13,3,1,1,3,0,1,5,5,2,0,0,1,58,80
production,7,Richmond,RIC,Thomas Burton,4,8,12,1,0,1,1,0,0,2,0,1,0,1,0,37,40
production,7,Richmond,RIC,Tom Lynch,7,3,10,4,1,1,2,1,1,2,0,0,0,1,0,56,69
production,7,Richmond,RIC,Nathan Broad,7,3,10,4,0,0,1,0,0,0,0,2,3,0,1,40,40
production,7,Richmond,RIC,Steely Green,9,1,10,3,1,1,1,0,2,3,1,5,2,0,2,43,49
production,7,Richmond,RIC,Noah Balta,1,8,9,3,0,0,0,12,0,1,2,0,1,1,0,41,55
production,7,Richmond,RIC,Mykelti Lefau,5,3,8,4,2,0,3,1,1,2,0,3,0,1,0,59,74
production,7,Richmond,RIC,Campbell Gray,5,1,6,4,0,0,1,0,0,0,0,2,2,0,1,30,40
production,7,Richmond,RIC,Jonty Faull,1,3,4,1,1,0,1,0,0,1,0,0,0,0,0,22,30
production,7,Richmond,RIC,Samson Ryan,1,2,3,0,0,0,1,4,0,0,1,2,0,1,2,10,22
production,7,St Kilda,STK,Nasiah W-Milera,22,12,34,5,0,0,3,0,4,8,3,4,4,2,0,119,149
production,7,St Kilda,STK,Hugo Garcia,9,23,32,3,2,0,5,0,0,3,9,6,1,1,1,112,104
production,7,St Kilda,STK,Bradley Hill,18,11,29,7,0,0,1,0,1,7,2,1,2,1,0,102,102
production,7,St Kilda,STK,Jack Sinclair,23,4,27,6,0,0,0,0,0,2,0,1,5,0,0,95,95
production,7,St Kilda,STK,Darcy Wilson,10,17,27,4,0,0,3,0,0,4,4,3,2,1,0,89,81
production,7,St Kilda,STK,Callum Wilkie,20,5,25,16,0,0,1,0,0,0,0,1,2,1,0,123,105
production,7,St Kilda,STK,Marcus Windhager,16,9,25,11,2,0,1,0,0,4,2,5,3,2,1,114,92
production,7,St Kilda,STK,Jack Carroll,17,7,24,10,0,0,3,0,2,4,0,2,6,2,1,106,106
production,7,St Kilda,STK,Sam Flanders,11,10,21,6,1,0,2,0,0,3,3,0,2,0,0,85,83
production,7,St Kilda,STK,Cooper Sharman,13,7,20,10,2,2,1,0,3,3,1,4,0,0,3,92,98
production,7,St Kilda,STK,Mason Wood,9,9,18,10,0,1,2,0,0,1,0,0,0,0,0,84,78
production,7,St Kilda,STK,Mattaes Phillipou,10,8,18,7,2,2,5,0,1,3,1,0,0,2,0,103,98
production,7,St Kilda,STK,Jack Silvagni,11,6,17,9,0,0,1,0,0,1,0,1,6,0,0,76,91
production,7,St Kilda,STK,Dougal Howard,15,1,16,11,0,0,0,0,0,0,0,4,1,0,2,74,54
production,7,St Kilda,STK,Max Hall,10,5,15,5,2,0,3,0,2,5,2,3,0,0,1,76,64
production,7,St Kilda,STK,Rowan Marshall,8,6,14,4,1,0,4,14,1,2,6,4,3,2,3,77,106
production,7,St Kilda,STK,Jack Higgins,7,7,14,3,5,0,1,0,1,1,1,1,1,1,0,79,111
production,7,St Kilda,STK,Mitchito Owens,8,6,14,6,0,2,1,0,0,3,1,0,0,0,0,60,68
production,7,St Kilda,STK,Daniel Butler,8,4,12,0,1,0,2,0,0,1,1,3,2,1,0,47,37
production,7,St Kilda,STK,Hunter Clark,7,5,12,6,0,0,2,0,2,1,0,1,1,0,0,57,60
production,7,St Kilda,STK,Tom De Koning,7,2,9,3,0,1,2,15,0,2,0,2,2,0,0,58,66
production,7,St Kilda,STK,Liam Ryan,6,0,6,2,3,2,0,0,0,0,0,2,0,2,0,46,52
production,7,St Kilda,STK,Anthony Caminiti,2,1,3,2,1,0,2,0,0,1,0,2,0,0,1,25,19
production,7,Sydney,SYD,Matthew Roberts,16,11,27,5,0,0,1,0,0,4,1,4,1,3,0,92,83
production,7,Sydney,SYD,Justin McInerney,9,15,24,2,0,1,3,0,0,2,5,2,2,2,1,75,74
production,7,Sydney,SYD,Jake Lloyd,14,9,23,8,1,1,3,0,1,8,0,0,1,0,0,103,86
production,7,Sydney,SYD,Tom Papley,10,13,23,5,1,0,4,0,3,7,1,8,0,1,1,91,87
production,7,Sydney,SYD,Tom McCartin,12,11,23,8,0,0,3,0,0,1,0,4,7,3,2,91,103
production,7,Sydney,SYD,Callum Mills,13,9,22,6,0,0,2,0,0,2,0,2,7,1,0,84,102
production,7,Sydney,SYD,Nick Blakey,12,10,22,1,0,0,2,0,1,4,1,6,5,2,1,66,59
production,7,Sydney,SYD,Angus Sheldrick,12,10,22,4,0,0,3,0,2,8,1,3,0,2,1,79,94
production,7,Sydney,SYD,Jai Serong,14,8,22,4,0,0,3,0,0,9,4,3,0,1,1,80,92
production,7,Sydney,SYD,Sam Wicks,6,14,20,4,0,0,1,0,1,3,0,0,2,0,0,62,74
production,7,Sydney,SYD,Chad Warner,17,3,20,4,3,3,7,0,2,3,2,3,1,3,0,121,104
production,7,Sydney,SYD,Brodie Grundy,7,11,18,5,2,0,4,35,0,1,2,4,3,1,2,116,151
production,7,Sydney,SYD,Riley Bice,9,9,18,7,0,0,1,0,1,3,0,2,0,0,0,70,70
production,7,Sydney,SYD,James Rowbottom,10,6,16,2,0,0,4,0,0,1,4,3,1,1,0,65,65
production,7,Sydney,SYD,Dane Rampe,4,11,15,2,0,0,0,0,0,0,0,0,2,0,0,40,76
production,7,Sydney,SYD,Charlie Curnow,14,1,15,8,7,2,0,0,1,1,0,1,0,3,0,115,128
production,7,Sydney,SYD,James Jordon,7,6,13,1,0,0,7,0,0,4,5,3,2,1,1,62,68
production,7,Sydney,SYD,Malcolm Rosas,5,7,12,1,0,1,5,0,1,2,2,1,1,0,0,53,69
production,7,Sydney,SYD,Will Edwards,7,5,12,3,0,0,2,0,0,0,0,5,1,3,1,48,45
production,7,Sydney,SYD,Harry Cunningham,5,6,11,3,0,0,2,0,0,1,0,1,1,0,0,44,50
production,7,Sydney,SYD,Joel Amartey,5,3,8,3,3,2,1,1,0,1,0,2,0,0,2,49,63
production,7,Sydney,SYD,Billy Cootee,4,4,8,3,1,1,2,0,0,1,1,4,0,0,2,38,23
production,7,Sydney,SYD,Logan McDonald,3,2,5,2,0,1,0,6,0,3,0,0,0,0,0,26,19
production,7,West Coast,WCE,Josh Lindsay,20,11,31,5,0,0,0,0,0,2,0,1,7,0,0,97,132
production,7,West Coast,WCE,Harley Reid,8,19,27,2,1,1,1,0,0,5,7,5,0,1,1,77,79
production,7,West Coast,WCE,Willem Duursma,21,4,25,11,0,0,0,0,0,5,3,5,5,2,1,103,88
production,7,West Coast,WCE,Elliot Yeo,13,8,21,4,1,1,4,0,0,4,6,2,0,0,0,90,88
production,7,West Coast,WCE,Ryan Maric,12,9,21,5,0,0,3,0,1,3,1,2,0,0,0,81,75
production,7,West Coast,WCE,Milan Murdock,9,11,20,7,0,0,2,0,0,2,1,3,2,0,1,75,67
production,7,West Coast,WCE,Liam Duggan,12,7,19,7,0,0,1,0,0,1,0,3,4,0,2,69,71
production,7,West Coast,WCE,Tim Kelly,10,9,19,3,0,0,2,0,0,5,2,5,0,0,0,65,54
production,7,West Coast,WCE,Tylar Young,13,5,18,9,0,0,0,0,0,1,0,2,6,1,2,71,89
production,7,West Coast,WCE,Elijah Hewett,6,11,17,3,0,0,1,0,0,2,2,3,0,0,1,50,58
production,7,West Coast,WCE,Tom McCarthy,10,6,16,3,0,0,3,0,0,2,0,0,2,0,0,63,76
production,7,West Coast,WCE,Liam Baker,8,6,14,4,1,0,0,0,1,3,1,5,1,0,4,42,41
production,7,West Coast,WCE,Bailey J. Williams,8,4,12,2,0,1,2,20,1,3,4,7,2,3,3,61,63
production,7,West Coast,WCE,Reuben Ginbey,9,3,12,7,0,0,2,0,0,2,0,1,2,2,0,64,83
production,7,West Coast,WCE,Hamish Davis,3,9,12,2,0,0,3,0,0,1,0,1,0,0,0,45,43
production,7,West Coast,WCE,Bo Allan,6,5,11,2,0,0,0,0,0,2,0,3,1,1,1,32,29
production,7,West Coast,WCE,Jobe Shanahan,4,6,10,3,1,2,1,0,0,0,0,0,1,1,0,46,47
production,7,West Coast,WCE,Jake Waterman,5,4,9,5,1,1,1,0,0,1,0,1,0,0,0,49,40
production,7,West Coast,WCE,Brady Hough,4,5,9,4,0,0,1,0,0,1,0,1,2,0,0,38,28
production,7,West Coast,WCE,Cooper D-Tytler,6,2,8,2,0,1,3,3,0,3,1,4,0,2,1,43,35
production,7,West Coast,WCE,Sandy Brock,5,2,7,4,0,0,1,0,0,0,0,0,1,0,0,35,41
production,7,West Coast,WCE,Malakai Champion,2,4,6,1,0,0,0,0,0,0,0,0,0,0,0,17,29
production,7,West Coast,WCE,Jack Williams,1,4,5,2,0,1,2,2,1,0,0,1,0,0,1,25,26
production,7,Western Bulldogs,WBU,Bailey Dale,25,6,31,4,0,0,2,0,0,1,2,4,7,2,0,109,113
production,7,Western Bulldogs,WBU,Marcus Bontempelli,15,14,29,3,2,0,5,0,3,7,6,5,5,0,0,114,135
production,7,Western Bulldogs,WBU,Ryley Sanders,10,18,28,2,0,0,7,0,0,4,6,3,2,0,1,97,106
production,7,Western Bulldogs,WBU,Adam Treloar,9,16,25,4,0,0,2,0,0,1,4,2,2,1,0,80,80
production,7,Western Bulldogs,WBU,Bailey Williams,17,6,23,10,1,2,2,0,0,4,1,2,1,1,1,107,102
production,7,Western Bulldogs,WBU,Lachlan Bramble,13,9,22,4,0,0,3,0,0,4,0,2,6,0,0,81,88
production,7,Western Bulldogs,WBU,Jedd Busslinger,14,5,19,5,0,0,1,0,0,2,1,2,5,1,1,69,99
production,7,Western Bulldogs,WBU,Ed Richards,11,7,18,1,1,0,5,0,1,3,5,4,1,1,1,74,88
production,7,Western Bulldogs,WBU,Lachie Jaques,9,8,17,4,0,0,0,0,0,1,0,1,3,2,0,57,69
production,7,Western Bulldogs,WBU,Michael Sellwood,11,6,17,5,0,0,3,0,0,2,0,5,6,0,3,63,72
production,7,Western Bulldogs,WBU,Matthew Kennedy,7,8,15,3,0,0,5,0,0,2,2,6,1,0,4,54,44
production,7,Western Bulldogs,WBU,Oskar Baker,10,5,15,5,1,0,0,0,0,1,1,3,2,0,1,58,37
production,7,Western Bulldogs,WBU,Joel Freijah,6,9,15,5,0,1,6,0,1,2,1,5,1,0,4,64,66
production,7,Western Bulldogs,WBU,Sam Davidson,10,4,14,5,0,0,3,0,0,1,0,3,1,0,1,62,50
production,7,Western Bulldogs,WBU,Josh Dolan,6,7,13,4,1,1,2,0,1,3,0,2,0,1,1,57,53
production,7,Western Bulldogs,WBU,Lachlan Smith,3,7,10,1,0,0,5,13,0,1,4,2,1,2,1,58,61
production,7,Western Bulldogs,WBU,Rhylee West,4,5,9,3,0,0,1,0,1,2,0,3,0,0,0,35,30
production,7,Western Bulldogs,WBU,Cooper Hynes,5,3,8,2,1,0,3,0,0,0,0,1,1,0,0,45,41
production,7,Western Bulldogs,WBU,Louis Emmett,5,3,8,4,0,1,4,9,0,2,1,1,0,2,0,61,44
production,7,Western Bulldogs,WBU,Will Lewis,4,4,8,1,1,1,1,0,1,1,0,5,0,1,4,23,37
production,7,Western Bulldogs,WBU,Aaron Naughton,5,2,7,5,1,0,0,0,0,1,0,2,0,1,2,35,36
production,7,Western Bulldogs,WBU,Buku Khamis,5,1,6,4,0,0,0,0,0,0,0,1,3,0,1,26,41
production,7,Western Bulldogs,WBU,Ryan Gardner,4,1,5,0,0,0,0,0,0,1,0,2,1,0,1,11,25
